[
	{
		"inputs": [
			{
				"internalType": "uint256",
				"name": "passreqid",
				"type": "uint256"
			},
			{
				"internalType": "string",
				"name": "date",
				"type": "string"
			}
		],
		"name": "ApprovePassengerRequest",
		"outputs": [],
		"stateMutability": "nonpayable",
		"type": "function"
	},
	{
		"inputs": [
			{
				"internalType": "uint256",
				"name": "peerid",
				"type": "uint256"
			},
			{
				"internalType": "uint256",
				"name": "rideid",
				"type": "uint256"
			},
			{
				"internalType": "uint256",
				"name": "seatsbooked",
				"type": "uint256"
			},
			{
				"internalType": "string",
				"name": "source",
				"type": "string"
			},
			{
				"internalType": "string",
				"name": "destination",
				"type": "string"
			}
		],
		"name": "BookARide",
		"outputs": [],
		"stateMutability": "payable",
		"type": "function"
	},
	{
		"inputs": [
			{
				"internalType": "string[]",
				"name": "dateandtime",
				"type": "string[]"
			},
			{
				"internalType": "string",
				"name": "source",
				"type": "string"
			},
			{
				"internalType": "string",
				"name": "destination",
				"type": "string"
			},
			{
				"internalType": "string[]",
				"name": "stops",
				"type": "string[]"
			},
			{
				"internalType": "uint256",
				"name": "host",
				"type": "uint256"
			},
			{
				"internalType": "uint256",
				"name": "fare",
				"type": "uint256"
			},
			{
				"internalType": "uint256",
				"name": "seats",
				"type": "uint256"
			}
		],
		"name": "CreateARide",
		"outputs": [],
		"stateMutability": "nonpayable",
		"type": "function"
	},
	{
		"inputs": [
			{
				"internalType": "string",
				"name": "name",
				"type": "string"
			},
			{
				"internalType": "string",
				"name": "homeaddress",
				"type": "string"
			},
			{
				"internalType": "string",
				"name": "detailshash",
				"type": "string"
			},
			{
				"internalType": "string",
				"name": "gender",
				"type": "string"
			},
			{
				"internalType": "string",
				"name": "email",
				"type": "string"
			},
			{
				"internalType": "string",
				"name": "vehiclename",
				"type": "string"
			},
			{
				"internalType": "string",
				"name": "vehiclenumber",
				"type": "string"
			}
		],
		"name": "CreatePassengerRequest",
		"outputs": [],
		"stateMutability": "nonpayable",
		"type": "function"
	},
	{
		"inputs": [
			{
				"internalType": "uint256",
				"name": "passid",
				"type": "uint256"
			},
			{
				"internalType": "uint256",
				"name": "rideid",
				"type": "uint256"
			},
			{
				"internalType": "string",
				"name": "location",
				"type": "string"
			}
		],
		"name": "MarkPassengeerJoining",
		"outputs": [],
		"stateMutability": "nonpayable",
		"type": "function"
	},
	{
		"inputs": [
			{
				"internalType": "uint256",
				"name": "passid",
				"type": "uint256"
			},
			{
				"internalType": "uint256",
				"name": "rideid",
				"type": "uint256"
			},
			{
				"internalType": "string",
				"name": "location",
				"type": "string"
			}
		],
		"name": "MarkPassengerLeaving",
		"outputs": [],
		"stateMutability": "nonpayable",
		"type": "function"
	},
	{
		"inputs": [
			{
				"internalType": "string",
				"name": "date",
				"type": "string"
			},
			{
				"internalType": "uint256",
				"name": "passid",
				"type": "uint256"
			}
		],
		"name": "SetPassDateJoined",
		"outputs": [],
		"stateMutability": "nonpayable",
		"type": "function"
	},
	{
		"inputs": [],
		"stateMutability": "nonpayable",
		"type": "constructor"
	},
	{
		"anonymous": false,
		"inputs": [
			{
				"indexed": false,
				"internalType": "uint256",
				"name": "ID",
				"type": "uint256"
			},
			{
				"indexed": false,
				"internalType": "string",
				"name": "NAME",
				"type": "string"
			}
		],
		"name": "PassengerRequestCreated",
		"type": "event"
	},
	{
		"inputs": [
			{
				"internalType": "uint256",
				"name": "passreqid",
				"type": "uint256"
			}
		],
		"name": "RejectPassengerRequest",
		"outputs": [],
		"stateMutability": "nonpayable",
		"type": "function"
	},
	{
		"anonymous": false,
		"inputs": [
			{
				"indexed": false,
				"internalType": "uint256",
				"name": "rideId",
				"type": "uint256"
			},
			{
				"indexed": false,
				"internalType": "bool",
				"name": "isStarted",
				"type": "bool"
			}
		],
		"name": "RideStarted",
		"type": "event"
	},
	{
		"inputs": [
			{
				"internalType": "uint256",
				"name": "passid",
				"type": "uint256"
			},
			{
				"internalType": "string",
				"name": "cid",
				"type": "string"
			}
		],
		"name": "setProfilePicture",
		"outputs": [],
		"stateMutability": "nonpayable",
		"type": "function"
	},
	{
		"inputs": [
			{
				"internalType": "string[]",
				"name": "newadditions",
				"type": "string[]"
			}
		],
		"name": "UpdateAllStopsAvailable",
		"outputs": [],
		"stateMutability": "nonpayable",
		"type": "function"
	},
	{
		"inputs": [
			{
				"internalType": "uint256",
				"name": "passid",
				"type": "uint256"
			},
			{
				"internalType": "uint256",
				"name": "feedback",
				"type": "uint256"
			}
		],
		"name": "updatePassengerReview",
		"outputs": [],
		"stateMutability": "nonpayable",
		"type": "function"
	},
	{
		"inputs": [
			{
				"internalType": "uint256",
				"name": "passid",
				"type": "uint256"
			},
			{
				"internalType": "string",
				"name": "newhash",
				"type": "string"
			}
		],
		"name": "UpdateVehicleDetails",
		"outputs": [],
		"stateMutability": "nonpayable",
		"type": "function"
	},
	{
		"inputs": [
			{
				"internalType": "uint256",
				"name": "",
				"type": "uint256"
			}
		],
		"name": "allStopsAvailable",
		"outputs": [
			{
				"internalType": "string",
				"name": "",
				"type": "string"
			}
		],
		"stateMutability": "view",
		"type": "function"
	},
	{
		"inputs": [],
		"name": "getAllStopsAvailable",
		"outputs": [
			{
				"internalType": "string[]",
				"name": "",
				"type": "string[]"
			}
		],
		"stateMutability": "view",
		"type": "function"
	},
	{
		"inputs": [],
		"name": "GetnumPassengers",
		"outputs": [
			{
				"internalType": "uint256",
				"name": "",
				"type": "uint256"
			}
		],
		"stateMutability": "view",
		"type": "function"
	},
	{
		"inputs": [],
		"name": "GetnumPassRequests",
		"outputs": [
			{
				"internalType": "uint256",
				"name": "",
				"type": "uint256"
			}
		],
		"stateMutability": "view",
		"type": "function"
	},
	{
		"inputs": [],
		"name": "GetnumRides",
		"outputs": [
			{
				"internalType": "uint256",
				"name": "",
				"type": "uint256"
			}
		],
		"stateMutability": "view",
		"type": "function"
	},
	{
		"inputs": [
			{
				"internalType": "uint256",
				"name": "passid",
				"type": "uint256"
			}
		],
		"name": "GetPassDateJoined",
		"outputs": [
			{
				"internalType": "string",
				"name": "",
				"type": "string"
			}
		],
		"stateMutability": "view",
		"type": "function"
	},
	{
		"inputs": [
			{
				"internalType": "uint256",
				"name": "passid",
				"type": "uint256"
			}
		],
		"name": "GetPassDetails",
		"outputs": [
			{
				"internalType": "uint256",
				"name": "",
				"type": "uint256"
			},
			{
				"internalType": "string",
				"name": "",
				"type": "string"
			},
			{
				"internalType": "address payable",
				"name": "",
				"type": "address"
			},
			{
				"internalType": "string",
				"name": "",
				"type": "string"
			},
			{
				"internalType": "string",
				"name": "",
				"type": "string"
			},
			{
				"internalType": "string",
				"name": "",
				"type": "string"
			},
			{
				"internalType": "uint256",
				"name": "",
				"type": "uint256"
			},
			{
				"internalType": "uint256",
				"name": "",
				"type": "uint256"
			},
			{
				"internalType": "uint256",
				"name": "",
				"type": "uint256"
			},
			{
				"internalType": "string",
				"name": "",
				"type": "string"
			},
			{
				"internalType": "string",
				"name": "",
				"type": "string"
			},
			{
				"internalType": "string",
				"name": "",
				"type": "string"
			}
		],
		"stateMutability": "view",
		"type": "function"
	},
	{
		"inputs": [
			{
				"internalType": "uint256",
				"name": "passreqid",
				"type": "uint256"
			}
		],
		"name": "GetPassRequestDetails",
		"outputs": [
			{
				"internalType": "uint256",
				"name": "",
				"type": "uint256"
			},
			{
				"internalType": "string",
				"name": "",
				"type": "string"
			},
			{
				"internalType": "address payable",
				"name": "",
				"type": "address"
			},
			{
				"internalType": "string",
				"name": "",
				"type": "string"
			},
			{
				"internalType": "string",
				"name": "",
				"type": "string"
			},
			{
				"internalType": "string",
				"name": "",
				"type": "string"
			},
			{
				"internalType": "uint256",
				"name": "",
				"type": "uint256"
			},
			{
				"internalType": "string",
				"name": "",
				"type": "string"
			},
			{
				"internalType": "string",
				"name": "",
				"type": "string"
			},
			{
				"internalType": "string",
				"name": "",
				"type": "string"
			}
		],
		"stateMutability": "view",
		"type": "function"
	},
	{
		"inputs": [
			{
				"internalType": "uint256",
				"name": "passid",
				"type": "uint256"
			}
		],
		"name": "getProfilePicture",
		"outputs": [
			{
				"internalType": "string",
				"name": "",
				"type": "string"
			}
		],
		"stateMutability": "view",
		"type": "function"
	},
	{
		"inputs": [
			{
				"internalType": "uint256",
				"name": "rideid",
				"type": "uint256"
			}
		],
		"name": "GetRideDetails",
		"outputs": [
			{
				"internalType": "uint256",
				"name": "",
				"type": "uint256"
			},
			{
				"internalType": "string",
				"name": "",
				"type": "string"
			},
			{
				"internalType": "string",
				"name": "",
				"type": "string"
			},
			{
				"internalType": "uint256",
				"name": "",
				"type": "uint256"
			},
			{
				"internalType": "uint256[]",
				"name": "",
				"type": "uint256[]"
			},
			{
				"internalType": "string[]",
				"name": "",
				"type": "string[]"
			},
			{
				"internalType": "uint256",
				"name": "",
				"type": "uint256"
			},
			{
				"internalType": "uint256",
				"name": "",
				"type": "uint256"
			},
			{
				"internalType": "string[]",
				"name": "",
				"type": "string[]"
			},
			{
				"internalType": "string[]",
				"name": "",
				"type": "string[]"
			},
			{
				"internalType": "bool",
				"name": "",
				"type": "bool"
			},
			{
				"internalType": "bool",
				"name": "",
				"type": "bool"
			}
		],
		"stateMutability": "view",
		"type": "function"
	},
	{
		"inputs": [
			{
				"internalType": "uint256",
				"name": "rideid",
				"type": "uint256"
			},
			{
				"internalType": "uint256",
				"name": "passid",
				"type": "uint256"
			}
		],
		"name": "GetRidePassengersDetails",
		"outputs": [
			{
				"internalType": "string",
				"name": "",
				"type": "string"
			},
			{
				"internalType": "string",
				"name": "",
				"type": "string"
			},
			{
				"internalType": "bool",
				"name": "",
				"type": "bool"
			}
		],
		"stateMutability": "view",
		"type": "function"
	},
	{
		"inputs": [],
		"name": "numPass",
		"outputs": [
			{
				"internalType": "uint256",
				"name": "",
				"type": "uint256"
			}
		],
		"stateMutability": "view",
		"type": "function"
	},
	{
		"inputs": [],
		"name": "numPassRequests",
		"outputs": [
			{
				"internalType": "uint256",
				"name": "",
				"type": "uint256"
			}
		],
		"stateMutability": "view",
		"type": "function"
	},
	{
		"inputs": [],
		"name": "numRides",
		"outputs": [
			{
				"internalType": "uint256",
				"name": "",
				"type": "uint256"
			}
		],
		"stateMutability": "view",
		"type": "function"
	},
	{
		"inputs": [
			{
				"internalType": "uint256",
				"name": "",
				"type": "uint256"
			}
		],
		"name": "PassengerJoiningDates",
		"outputs": [
			{
				"internalType": "string",
				"name": "",
				"type": "string"
			}
		],
		"stateMutability": "view",
		"type": "function"
	},
	{
		"inputs": [
			{
				"internalType": "uint256",
				"name": "",
				"type": "uint256"
			}
		],
		"name": "PassengerProfilePictures",
		"outputs": [
			{
				"internalType": "string",
				"name": "",
				"type": "string"
			}
		],
		"stateMutability": "view",
		"type": "function"
	},
	{
		"inputs": [
			{
				"internalType": "uint256",
				"name": "",
				"type": "uint256"
			}
		],
		"name": "PassengerRequests",
		"outputs": [
			{
				"internalType": "uint256",
				"name": "PassRequestID",
				"type": "uint256"
			},
			{
				"internalType": "string",
				"name": "PassName",
				"type": "string"
			},
			{
				"internalType": "address payable",
				"name": "PassWalletAddress",
				"type": "address"
			},
			{
				"internalType": "string",
				"name": "PassHomeAddress",
				"type": "string"
			},
			{
				"internalType": "string",
				"name": "PassEMail",
				"type": "string"
			},
			{
				"internalType": "string",
				"name": "PassVehicleName",
				"type": "string"
			},
			{
				"internalType": "string",
				"name": "PassVehicleNumber",
				"type": "string"
			},
			{
				"internalType": "string",
				"name": "PassVehicleDetailsHash",
				"type": "string"
			},
			{
				"internalType": "string",
				"name": "PassGender",
				"type": "string"
			},
			{
				"internalType": "uint256",
				"name": "PassRequestStatus",
				"type": "uint256"
			}
		],
		"stateMutability": "view",
		"type": "function"
	},
	{
		"inputs": [
			{
				"internalType": "uint256",
				"name": "",
				"type": "uint256"
			}
		],
		"name": "Passengers",
		"outputs": [
			{
				"internalType": "uint256",
				"name": "PassID",
				"type": "uint256"
			},
			{
				"internalType": "string",
				"name": "PassName",
				"type": "string"
			},
			{
				"internalType": "address payable",
				"name": "PassWalletAddress",
				"type": "address"
			},
			{
				"internalType": "string",
				"name": "PassHomeAddress",
				"type": "string"
			},
			{
				"internalType": "string",
				"name": "PassEMail",
				"type": "string"
			},
			{
				"internalType": "string",
				"name": "PassVehicleName",
				"type": "string"
			},
			{
				"internalType": "string",
				"name": "PassVehicleNumber",
				"type": "string"
			},
			{
				"internalType": "string",
				"name": "PassVehicleDetailsHash",
				"type": "string"
			},
			{
				"internalType": "string",
				"name": "PassGender",
				"type": "string"
			},
			{
				"internalType": "uint256",
				"name": "PassReview",
				"type": "uint256"
			},
			{
				"internalType": "uint256",
				"name": "PassRidesHosted",
				"type": "uint256"
			},
			{
				"internalType": "uint256",
				"name": "PassRidesTaken",
				"type": "uint256"
			}
		],
		"stateMutability": "view",
		"type": "function"
	},
	{
		"inputs": [
			{
				"internalType": "uint256",
				"name": "",
				"type": "uint256"
			},
			{
				"internalType": "uint256",
				"name": "",
				"type": "uint256"
			}
		],
		"name": "RidePassengers",
		"outputs": [
			{
				"internalType": "uint256",
				"name": "PassID",
				"type": "uint256"
			},
			{
				"internalType": "string",
				"name": "PassSourceLocation",
				"type": "string"
			},
			{
				"internalType": "string",
				"name": "PassDestinationLocation",
				"type": "string"
			},
			{
				"internalType": "bool",
				"name": "isOnRide",
				"type": "bool"
			}
		],
		"stateMutability": "view",
		"type": "function"
	},
	{
		"inputs": [
			{
				"internalType": "uint256",
				"name": "",
				"type": "uint256"
			}
		],
		"name": "Rides",
		"outputs": [
			{
				"internalType": "uint256",
				"name": "RideID",
				"type": "uint256"
			},
			{
				"internalType": "string",
				"name": "RideSourceLocation",
				"type": "string"
			},
			{
				"internalType": "string",
				"name": "RideDestinationLocation",
				"type": "string"
			},
			{
				"internalType": "uint256",
				"name": "HostID",
				"type": "uint256"
			},
			{
				"internalType": "uint256",
				"name": "RideFare",
				"type": "uint256"
			},
			{
				"internalType": "uint256",
				"name": "RideSeatsAvailable",
				"type": "uint256"
			},
			{
				"internalType": "bool",
				"name": "isRideStarted",
				"type": "bool"
			},
			{
				"internalType": "bool",
				"name": "isRideEnded",
				"type": "bool"
			}
		],
		"stateMutability": "view",
		"type": "function"
	}
]